Youth Offending Team,YJB Region
Brigend,Wales
Caerphilly and Blaenau Gwent,Wales
Cardiff,Wales
Carmarthenshire,Wales
Ceredigion,Wales
Conwy and Denbighshire,Wales
Cwm Taf,Wales
Flintshire,Wales
Gwynedd and Ynys Môn,Wales
Monmouthshire and Torfaen,Wales
Neath Port Talbot,Wales
Newport,Wales
Pembrokeshire,Wales
Powys,Wales
Swansea,Wales
Vale of Glamorgan,Wales
Wrexham,Wales
Bath and North East Somerset,South West and South Central
Bristol,South West and South Central
Cornwall and the Isles of Scilly,South West and South Central
Devon,South West and South Central
Dorset Combined Youth Justice Service,South West and South Central
Gloucestershire,South West and South Central
Hampshire,South West and South Central
Isle of Wight,South West and South Central
North Somerset,South West and South Central
Plymouth,South West and South Central
Portsmouth,South West and South Central
Somerset,South West and South Central
South Gloucestershire,South West and South Central
Southampton,South West and South Central
Swindon,South West and South Central
Torbay,South West and South Central
Wiltshire,South West and South Central
Blackburn with Darwen,North West
Blackpool,North West
Bolton,North West
Bury and Rochdale,North West
"Cheshire East, Cheshire West, Halton and Warrington Youth Justice Services",North West
Knowsley,North West
Lancashire,North West
Liverpool,North West
Manchester,North West
Oldham,North West
Salford,North West
Sefton,North West
St Helens,North West
Stockport,North West
Tameside,North West
Trafford,North West
Wigan,North West
Wirral,North West
Barnsley,Yorkshire & Humberside
Bradford,Yorkshire & Humberside
Calderdale,Yorkshire & Humberside
County Durham,North East & Cumbria
Cumbria,North East & Cumbria
Darlington,North East & Cumbria
Doncaster,Yorkshire & Humberside
East Riding of Yorkshire,Yorkshire & Humberside
Gateshead,North East & Cumbria
Hartlepool,North East & Cumbria
Kingston-upon-Hull,Yorkshire & Humberside
Kirklees,Yorkshire & Humberside
Leeds,Yorkshire & Humberside
Newcastle-upon-Tyne,North East & Cumbria
North East Lincolnshire,Yorkshire & Humberside
North Lincolnshire,Yorkshire & Humberside
North Tyneside,North East & Cumbria
North Yorkshire,Yorkshire & Humberside
Northumberland,North East & Cumbria
Rotherham,Yorkshire & Humberside
Sheffield,Yorkshire & Humberside
South Tees,North East & Cumbria
South Tyneside,North East & Cumbria
Stockton-on-Tees,North East & Cumbria
Sunderland,North East & Cumbria
Wakefield,Yorkshire & Humberside
York,Yorkshire & Humberside
Birmingham,Midlands
Coventry,Midlands
Derby City,Midlands
Derbyshire,Midlands
Dudley,Midlands
Leicester City,Midlands
Leicestershire,Midlands
Lincolnshire,Midlands
Northamptonshire,Midlands
Nottingham City,Midlands
Nottinghamshire,Midlands
Sandwell,Midlands
Solihull,Midlands
Staffordshire,Midlands
Stoke-on-Trent,Midlands
Walsall,Midlands
Warwickshire,Midlands
West Mercia,Midlands
Wolverhampton,Midlands
Barking and Dagenham,London (North)
Barnet,London (North)
Bexley,London (South)
Brent,London (North)
Bromley,London (South)
Camden,London (North)
Croydon,London (South)
Ealing,London (North)
Enfield,London (North)
Greenwich,London (South)
Hackney,London (North)
Hammersmith and Fulham,London (South)
Haringey,London (North)
Harrow,London (North)
Havering,London (North)
Hillingdon,London (North)
Hounslow,London (South)
Islington,London (North)
Kensington and Chelsea,London (South)
Kingston and Richmond,London (South)
Lambeth,London (South)
Lewisham,London (South)
Merton,London (South)
Newham,London (North)
Redbridge,London (North)
Southwark,London (South)
Sutton,London (South)
Tower Hamlets and City of London,London (North)
Waltham Forest,London (North)
Wandsworth,London (South)
Westminster,London (South)
Bedfordshire,East and South East
Bracknell Forest,East and South East
Brighton and Hove,East and South East
Buckinghamshire,East and South East
Cambridgeshire,East and South East
East Sussex,East and South East
Essex,East and South East
Hertfordshire,East and South East
Kent,East and South East
Luton,East and South East
Medway,East and South East
Milton Keynes,East and South East
Norfolk,East and South East
Oxfordshire,East and South East
Peterborough,East and South East
Reading,East and South East
Slough,East and South East
Southend-on-Sea,East and South East
Suffolk,East and South East
Surrey,East and South East
Thurrock,East and South East
West Berkshire,East and South East
West Sussex,East and South East
Windsor and Maidenhead,East and South East
Wokingham,East and South East
